<?xml version="1.0" encoding="UTF-8" standalone="yes"?>
<programs>

<prog name='Arbol 1'>
<![CDATA[
// Arbol 1

tree(6);

function tree(h) {
  if (h >= oneInRange(0, 2)) {
    rotate(oneInRange(-10, 10));
    sprig(12 * h); // stick
    
    left(h); 
    if(maybe(0.5)) left(h);
    
    center(h); 
    if(maybe(0.5)) center(h);
    
    right(h); 
    if(maybe(0.5)) right(h);
  } else {
    style(oneOf(['red', 'black', 'darkred', 'green', 'lightGray']));
    stick(2);
  }
}

function left(h) { branch(h, oneInRange(-30, -20)); }
function center(h) { branch(h, oneInRange(-5, 5)); }
function right(h) { branch(h, oneInRange(30, 20)); }

function branch(h, angle) {
  push();
  rotate(angle);
  var len = oneInRange(2, 10 * h);
  sprig(len);
  tree(h - 1);
  
  if(maybe(0.8))
    tree(h/2);
  
  pop();
}

function sprig(len) {
  if (len > 10) { 
  	for(var i = 0; i < len; i += 2) {
    	rotate(oneInRange(-7, 7));
    	stick(2);
  	}
  } else {
    stick(len);
  }
}

]]>
</prog>

<prog name='Pino 1'>
<![CDATA[
// Pino 1

for(var i = 300; i > 0; i-= 20) {
  rotate(oneInRange(-5, 5));
	pine(i);
}

function pine(s) {
  var s2 = s * 0.6;
  if (s2 < 1) 
    return;
  
  style(s2 < 10 && maybe(0.5)? 'red' : (maybe(0.2)?'darkgreen':'black'));
  
	stick(s2/4);

	push();
	rotate(oneInRange(45, 90));
	pine(s2 * 0.8);
	pop();
  
  push();
	rotate(oneInRange(-45, -90));
	pine(s2 * 0.8);
	pop();
  
  push();
  pine(s2);
  pop();
	
}

]]>
</prog>

<prog name="Revolico 1">
<![CDATA[
// Revolico 1

stick(canvas.height/2);

for(var i = 0; i < 1000; i++) {
  style(oneOf(['black', 'red']));
  rotate(oneInRange(10, 45));
  stick(10); 
}
]]>
</prog>

<prog name="Revolico 2">
<![CDATA[
// Revolico 2

const N = canvas.height/6;

for(var i = 0; i < N; i++) {
	rotate(oneInRange(-10,10));
	style(oneOf(['black', 'red']));
	stick(3);
}

for(var i = 0; i < 1000; i++) {
  style(oneOf(['black', 'red']));
  rotate(oneInRange(10, 45));
  stick(10); 
}
]]>
</prog>
</programs>